3 Kings,http://www.dailyscript.com/scripts/three-kings_shooting.html
3:10 To Yuma,http://snarketeria.com/reads/310.pdf
5th Element, The,http://www.godamongdirectors.com/scripts/ele5ment.txt
5th Estate, The,http://www.godamongdirectors.com/scripts/ele5ment.txt
5 Easy 
				Pieces,http://sfy.ru/sfy.html?script=five_easy_pieces
5 
				Feet And Rising,http://www.dailyscript.com/scripts/fivefeetandrising.html
500 Days Of Summer,http://httpsrv.irt.drexel.edu/faculty/ina22/splaylib/Screenplay-500_Days_of_Summer.pdf
6th Sense, The,http://themovieguy.110mb.com/6thult.pdf
7th Seal,http://themovieguy.110mb.com/7thult.pdf
7 Days To Live,http://www.hundland.org/scripts/7-Days-to-Live_Shooting-Script.doc
8 Legged 
				Freaks,http://www.dailyscript.com/scripts/arac_attack.pdf
8 Mile,http://www.dailyscript.com/scripts/8MILE.pdf
8 
				Millimeter,http://www.kokos.cz/bradkoun/movies/8mm.txt
84 
				Charlie MoPic,http://www.weeklyscript.com/84%20Charlie%20MoPic.txt
9 (2009),http://awards.filminfocus.com/media/scripts/9_Screenplay.pdf
9th Gate, The,http://www.godamongdirectors.com/scripts/ninthgate.html
10 
				Things I Hate About You,http://www.dailyscript.com/scripts/10Things.html
12 
				(2003),http://www.12.org/script.html
12 
				And Holding,http://www.dailyscript.com/scripts/12+and+Holding.pdf
12 Monkeys,http://scifiscripts.com/scripts/twelvemonkeys.txt
13 Days,http://www.moviemalls.com/papers/13days.txt
13 
				Ghosts,http://www.dailyscript.com/scripts/thirteen_ghosts.pdf
15 Minutes,http://www.dailyscript.com/scripts/15minutes.html
1408,http://www.horrorlair.com/movies/1408.html
1492: Conquest Of Paradise,http://www.angelfire.com/movies/ridleyscott/script/1492-ConquestOfParadise.txt
16 Blocks,http://www.dailyscript.com/scripts/16_Blocks_by_Richard_Wenk.pdf
17 Again,http://www.mediafire.com/?wrt3uzyejnz
187,http://www.dailyscript.com/scripts/187.pdf
25th 
				Hour,http://www.dailyscript.com/scripts/25thhour_all.pdf
28 
				Weeks Later,http://www.horrorlair.com/movies/28-weeks-later-script.html
30 Days Of Night,http://www.horrorlair.com/movies/30-days-of-night.html
40 Year Old Virgin, The,http://www.dailyscript.com/scripts/40_year_old_virgin.pdf
48 Hours,http://www.mediafire.com/?zco2zzn0mnw
2001: 
				A Space Odyssey,http://www.scifiscripts.com/scripts/2001.txt
2001 Maniacs,http://sfy.ru/pdf/2001_maniacs_(2004).pdf
2010,http://www.awesomefilm.com/script/2010.pdf
Above 
				The Law,http://www.dailyscript.com/scripts/Above_the_Law.pdf
Absolute Power,http://www.dailyscript.com/scripts/Absolute_Power.PDF
The Abyss,http://www.wordsurge.com/The_Abyss.txt
Ace Ventura: Pet Detective,http://members.tripod.com/~scriptsg_den/aceventura.html
Adaptation,http://www.beingcharliekaufman.com/index.php?option=com_docman&task=cat_view&gid=48&Itemid=136
The Addams Family,http://www.dailyscript.com/scripts/the_addams_family.pdf
Addicted 
				To Murder 2,http://stopzebot.com/scripts/Addicted.doc
The Adventure (L'Avventura),http://www.aellea.com/script/adventure.txt
Adventureland,http://www.mediafire.com/?ztzozww2ziz
Adventures 
				Of Buckaroo Banzai,http://www.scifiscripts.com/scripts/banzai_script.txt
Adventures 
				Of Ford Fairlaine,http://www.dailyscript.com/scripts/ford-fairlane_early.html
An Affair To Remember,http://www.dailyscript.com/scripts/an_affair_to_remember.pdf
Afterlife,http://www.chapelgrovefilms.com/afterlife/script.doc
The African Queen,http://www.weeklyscript.com/African%20Queen,%20The%20(1951).txt
After School Special (PDF File),http://sfy.ru/pdf/after_school_special_(2002).pdf
Affliction,http://www.dailyscript.com/scripts/Affliction.txt
After The Truth,http://www.scripthollywood.com/sitebuildercontent/sitebuilderfiles/afterthetruth.pdf
Agnes 
				Of God,http://www.godamongdirectors.com/scripts/agnes.shtml
Air Force One,http://www.cineinsite.com.br/filme/410/scripts/script.htm
Airplane!,http://www.dailyscript.com/scripts/Airplane_script.htm
Airplane 
				II: The Sequel,http://www.dailyscript.com/scripts/Airplane2_script.htm
Alfie,http://www.dailyscript.com/scripts/Alfie.pdf
Ali,http://www.dailyscript.com/scripts/ali-script.pdf
Alice In Wonderland,http://www.waltdisneystudiosawards.com/aliceinwonderland/script-alice.pdf
Alien,http://www.dailyscript.com/scripts/alien_early.html
Alien 
				Apocalypse,http://www.beckerfilms.com/AlienApocalypse-p1.htm
Aliens,http://www.godamongdirectors.com/scripts/aliens2.shtml
Alien 3,http://www.horrorlair.com/scripts/alien3_twohy.html
Alien 
				3,http://scifiscripts.com/scripts/alien3_red.txt
Alien Nation,http://www.scifiscripts.com/scripts/alien_nation.txt
Alien: Resurrection (Alien 4),http://www.madmexgear.com/MovieScripts/Alien%20-%20Resurrection.pdf
Aliens Vs. Predator,http://www.scifiscripts.com/scripts/aliens_vs_predator.txt
All About 
				Eve,http://sfy.ru/sfy.html?script=all_about_eve
All About 
				Steve,http://www.mediafire.com/?m3r2i1ikzcm
All God's Children Can Dance,http://www.simplyscripts.com/scripts/K-TOWNSUPERFROGJan06.pdf
All The 
				King's Men (1949),http://www.weeklyscript.com/All%20The%20King's%20Men%20(1949).txt
All The President's Men,http://www.dailyscript.com/scripts/all_the_presidents_men.html
Almost Famous,http://home.online.no/~bhundlan/scripts/Almost-Famous.htm
Alone In 
				The Dark,http://www.filmanchor.com/index.php?option=com_rokdownloads&view=file&task=download&id=3158:alone-in-the-dark&Itemid=57
Amadeus,http://www.godamongdirectors.com/scripts/Amadeaaaus.txt
Amelia,http://www.mediafire.com/?020agda4aty
American, The,http://www.focusawards2010.com/workspace/the_american_screenplay.pdf
American 
				Beauty,http://mypage.netlive.ch/demandit/files/M_BFNO38KLSZ567NYSJ29/dms/modul_03/American_Beauty_early_draft.pdf
American Beauty,http://mypage.netlive.ch/demandit/files/M_BFNO38KLSZ567NYSJ29/dms/modul_03/American_Beauty_final_draft.pdf
American 
				Gangster,http://awards.universalpictures.com/pdf/amgang.pdf
American Grafitti,http://www.awesomefilm.com/script/americangraffiti.txt
American History X,http://www.reocities.com/SunsetStrip/Club/3036/script.html
American Madness,http://www.dailyscript.com/scripts/American_Madness.html
American Outlaws,http://www.dailyscript.com/scripts/American_Outlaws.html
American Pie,http://www.dailyscript.com/scripts/american-pie_production.html
American Psycho,http://www.dailyscript.com/scripts/american_psycho_unproduced.html
American President, 
				The,http://www.awesomefilm.com/script/apresident.txt
American 
				Shaolin,http://www.awesomefilm.com/script/ashaolin.html
